{
  "generatedAt": "2026-04-20T12:35:02.376Z",
  "criterion": "Pass if max absolute residual at 75k..200k is <= the runtime residual budget for each format.",
  "meta": {
    "N_TOURNEYS": 500,
    "SAMPLES": 120000,
    "BUY_IN": 50,
    "RAKE": 0.1,
    "SEED": 20260420,
    "BOUNTY_FRACTION": 0.5,
    "PKO_HEAD_VAR": 0.4,
    "MYSTERY_LOG_VAR": 2,
    "fields": [
      75000,
      100000,
      150000,
      200000
    ],
    "rois": [
      -0.2,
      0,
      0.1,
      0.4,
      0.8
    ],
    "formats": [
      "freeze",
      "pko",
      "mystery"
    ],
    "workerCount": 8
  },
  "summaries": {
    "freeze": {
      "count": 20,
      "threshold": 0.06,
      "meanSignedResid": -0.23230487423804455,
      "rmsResid": 0.23804967165652144,
      "p95AbsResid": 0.30065728031863687,
      "maxAbsResid": 0.30065728031863687,
      "passed": false,
      "worstCell": {
        "format": "freeze",
        "field": 200000,
        "roi": -0.2,
        "sigmaMeasured": 85.24697847486291,
        "sigmaFit": 59.61685377122925,
        "resid": -0.30065728031863687
      }
    },
    "pko": {
      "count": 20,
      "threshold": 0.12,
      "meanSignedResid": 0.047095319266859795,
      "rmsResid": 0.05255450802935538,
      "p95AbsResid": 0.0725772457592518,
      "maxAbsResid": 0.07405392074715851,
      "passed": true,
      "worstCell": {
        "format": "pko",
        "field": 150000,
        "roi": 0,
        "sigmaMeasured": 32.41852093789492,
        "sigmaFit": 34.81923951816989,
        "resid": 0.07405392074715851
      }
    },
    "mystery": {
      "count": 20,
      "threshold": 0.17,
      "meanSignedResid": -0.14261472228227404,
      "rmsResid": 0.1468585310666649,
      "p95AbsResid": 0.19715032524066636,
      "maxAbsResid": 0.20153460825568237,
      "passed": false,
      "worstCell": {
        "format": "mystery",
        "field": 200000,
        "roi": -0.2,
        "sigmaMeasured": 33.52379724515025,
        "sigmaFit": 26.76759190010597,
        "resid": -0.20153460825568237
      }
    }
  },
  "cells": [
    {
      "format": "freeze",
      "field": 75000,
      "roi": -0.2,
      "sigmaMeasured": 49.65167495306291,
      "sigmaFit": 41.49695244293294,
      "resid": -0.1642386186939082
    },
    {
      "format": "freeze",
      "field": 100000,
      "roi": -0.2,
      "sigmaMeasured": 58.03135036365165,
      "sigmaFit": 46.14966707717483,
      "resid": -0.2047459383939994
    },
    {
      "format": "freeze",
      "field": 150000,
      "roi": -0.2,
      "sigmaMeasured": 72.3997671461978,
      "sigmaFit": 53.60640503873891,
      "resid": -0.2595776595456337
    },
    {
      "format": "freeze",
      "field": 200000,
      "roi": -0.2,
      "sigmaMeasured": 85.24697847486291,
      "sigmaFit": 59.61685377122925,
      "resid": -0.30065728031863687
    },
    {
      "format": "freeze",
      "field": 75000,
      "roi": 0,
      "sigmaMeasured": 49.65167495306291,
      "sigmaFit": 41.49695244293294,
      "resid": -0.1642386186939082
    },
    {
      "format": "freeze",
      "field": 100000,
      "roi": 0,
      "sigmaMeasured": 58.03135036365165,
      "sigmaFit": 46.14966707717483,
      "resid": -0.2047459383939994
    },
    {
      "format": "freeze",
      "field": 150000,
      "roi": 0,
      "sigmaMeasured": 72.3997671461978,
      "sigmaFit": 53.60640503873891,
      "resid": -0.2595776595456337
    },
    {
      "format": "freeze",
      "field": 200000,
      "roi": 0,
      "sigmaMeasured": 85.24697847486291,
      "sigmaFit": 59.61685377122925,
      "resid": -0.30065728031863687
    },
    {
      "format": "freeze",
      "field": 75000,
      "roi": 0.1,
      "sigmaMeasured": 49.65167495306291,
      "sigmaFit": 41.49695244293294,
      "resid": -0.1642386186939082
    },
    {
      "format": "freeze",
      "field": 100000,
      "roi": 0.1,
      "sigmaMeasured": 58.03135036365165,
      "sigmaFit": 46.14966707717483,
      "resid": -0.2047459383939994
    },
    {
      "format": "freeze",
      "field": 150000,
      "roi": 0.1,
      "sigmaMeasured": 72.3997671461978,
      "sigmaFit": 53.60640503873891,
      "resid": -0.2595776595456337
    },
    {
      "format": "freeze",
      "field": 200000,
      "roi": 0.1,
      "sigmaMeasured": 85.24697847486291,
      "sigmaFit": 59.61685377122925,
      "resid": -0.30065728031863687
    },
    {
      "format": "freeze",
      "field": 75000,
      "roi": 0.4,
      "sigmaMeasured": 49.65167495306291,
      "sigmaFit": 41.49695244293294,
      "resid": -0.1642386186939082
    },
    {
      "format": "freeze",
      "field": 100000,
      "roi": 0.4,
      "sigmaMeasured": 58.03135036365165,
      "sigmaFit": 46.14966707717483,
      "resid": -0.2047459383939994
    },
    {
      "format": "freeze",
      "field": 150000,
      "roi": 0.4,
      "sigmaMeasured": 72.3997671461978,
      "sigmaFit": 53.60640503873891,
      "resid": -0.2595776595456337
    },
    {
      "format": "freeze",
      "field": 200000,
      "roi": 0.4,
      "sigmaMeasured": 85.24697847486291,
      "sigmaFit": 59.61685377122925,
      "resid": -0.30065728031863687
    },
    {
      "format": "freeze",
      "field": 75000,
      "roi": 0.8,
      "sigmaMeasured": 49.65167495306291,
      "sigmaFit": 41.49695244293294,
      "resid": -0.1642386186939082
    },
    {
      "format": "freeze",
      "field": 100000,
      "roi": 0.8,
      "sigmaMeasured": 58.03135036365165,
      "sigmaFit": 46.14966707717483,
      "resid": -0.2047459383939994
    },
    {
      "format": "freeze",
      "field": 150000,
      "roi": 0.8,
      "sigmaMeasured": 72.3997671461978,
      "sigmaFit": 53.60640503873891,
      "resid": -0.2595776595456337
    },
    {
      "format": "freeze",
      "field": 200000,
      "roi": 0.8,
      "sigmaMeasured": 85.24697847486291,
      "sigmaFit": 59.61685377122925,
      "resid": -0.30065728031863687
    },
    {
      "format": "pko",
      "field": 75000,
      "roi": -0.2,
      "sigmaMeasured": 21.40020200784294,
      "sigmaFit": 22.805275136747277,
      "resid": 0.06565700306891467
    },
    {
      "format": "pko",
      "field": 100000,
      "roi": -0.2,
      "sigmaMeasured": 25.142175459371945,
      "sigmaFit": 26.964971263364674,
      "resid": 0.07249952602304618
    },
    {
      "format": "pko",
      "field": 150000,
      "roi": -0.2,
      "sigmaMeasured": 32.41852093789492,
      "sigmaFit": 34.482203840462894,
      "resid": 0.06365752794587488
    },
    {
      "format": "pko",
      "field": 200000,
      "roi": -0.2,
      "sigmaMeasured": 39.35596700116979,
      "sigmaFit": 41.340427300588004,
      "resid": 0.05042336526400767
    },
    {
      "format": "pko",
      "field": 75000,
      "roi": 0,
      "sigmaMeasured": 21.964912153233236,
      "sigmaFit": 23.197933370788302,
      "resid": 0.0561359503262828
    },
    {
      "format": "pko",
      "field": 100000,
      "roi": 0,
      "sigmaMeasured": 25.707155326291282,
      "sigmaFit": 27.345765891174626,
      "resid": 0.0637414192307579
    },
    {
      "format": "pko",
      "field": 150000,
      "roi": 0,
      "sigmaMeasured": 32.41852093789492,
      "sigmaFit": 34.81923951816989,
      "resid": 0.07405392074715851
    },
    {
      "format": "pko",
      "field": 200000,
      "roi": 0,
      "sigmaMeasured": 39.35596700116979,
      "sigmaFit": 41.6174414364134,
      "resid": 0.0574620472462637
    },
    {
      "format": "pko",
      "field": 75000,
      "roi": 0.1,
      "sigmaMeasured": 22.251768511344043,
      "sigmaFit": 23.372622443759568,
      "resid": 0.050371453929340886
    },
    {
      "format": "pko",
      "field": 100000,
      "roi": 0.1,
      "sigmaMeasured": 25.99903801641363,
      "sigmaFit": 27.509729050134233,
      "resid": 0.05810565116935788
    },
    {
      "format": "pko",
      "field": 150000,
      "roi": 0.1,
      "sigmaMeasured": 32.59145316341873,