{
  "meta": {
    "N": 500,
    "samples": 60000,
    "buyIn": 50,
    "rake": 0.1
  },
  "fields": [
    50,
    75,
    100,
    150,
    200,
    300,
    500,
    750,
    1000,
    1500,
    2000,
    3000,
    5000,
    7500,
    10000,
    15000,
    25000,
    50000
  ],
  "rois": [
    -0.2,
    -0.1,
    0,
    0.1,
    0.2,
    0.4,
    0.8
  ],
  "table": {
    "0": [
      2.8789227419677967,
      3.2883221782743286,
      3.572550633522781,
      3.978711726036338,
      4.27251983663034,
      4.561860112944902,
      5.90259348571754,
      6.929382951518083,
      7.758018252916692,
      9.046909907303418,
      10.097812083505593,
      11.731064469528546,
      14.13662316616362,
      16.401910439255623,
      18.173116467247187,
      20.87988796479363,
      26.88152184710616,
      38.0640746819737
    ],
    "-0.2": [
      2.564348057366506,
      2.916585661868907,
      3.150382131374253,
      3.4797226740417697,
      3.731338442580791,
      3.937670338088092,
      5.074404330296361,
      5.9485812695650155,
      6.623676582358533,
      7.718734382434963,
      8.577401552889523,
      10.001389417009362,
      11.994127977263519,
      13.90475244829268,
      15.416068187471588,
      17.561417427427227,
      22.833620648765766,
      32.34974710413901
    ],
    "-0.1": [
      2.728665916189502,
      3.1078648973154954,
      3.372358272942131,
      3.7407519092220216,
      4.017067426696341,
      4.258981254234737,
      5.49734536731987,
      6.445679055113456,
      7.192902835905659,
      8.387591016103025,
      9.346583340319276,
      10.847160844911842,
      13.106930668509518,
      15.152292076284132,
      16.762256029693493,
      19.29792625882972,
      24.89788938959196,
      35.2057788252668
    ],
    "0.1": [
      3.0182257991962405,
      3.4599970719022535,
      3.7702664791911564,
      4.21546117840831,
      4.521993737590881,
      4.8545915232503,
      6.270419331180993,
      7.3798097498572455,
      8.2790270740321,
      9.689543790669239,
      10.844375241501988,
      12.553427370856669,
      15.12771050539209,
      17.53857416719986,
      19.461032660202374,
      22.352251341353316,
      28.750679379334226,
      40.522583724665246
    ],
    "0.2": [
      3.1489159270467506,
      3.6305865512298956,
      3.9470313303700757,
      4.440396358458006,
      4.766459374591811,
      5.135974419761354,
      6.6243485033906415,
      7.832348729542141,
      8.751184142172498,
      10.272729614674512,
      11.525278392178324,
      13.356793111209184,
      16.13499329476839,
      18.735996687997964,
      20.683117870026066,
      23.81320074952388,
      30.724198724678686,
      43.08789269774685
    ],
    "0.4": [
      3.4009499529608274,
      3.9309052897702035,
      4.306964623548172,
      4.84123533346967,
      5.2325657841446445,
      5.680074657725536,
      7.309199337233674,
      8.622067570616736,
      9.709071340261254,
      11.391385590754613,
      12.718288300301243,
      14.844312010197658,
      18.029647296862624,
      20.936901438341796,
      23.21897863264458,
      26.70041874699776,
      34.314436645825154,
      48.25736028765209
    ],
    "0.8": [
      3.850785131224933,
      4.481279041514252,
      4.917380021404113,
      5.5907687539850075,
      6.081052050511892,
      6.638365238425265,
      8.57691040682288,
      10.108637251917823,
      11.3608435708828,
      13.357681339521745,
      14.952454256040951,
      17.455467156141168,
      21.284846526844184,
      24.82766200755031,
      27.624056451267858,
      31.777289349866155,
      40.899695930628376,
      57.58262950102015
    ]
  },
  "perRoiFits": [
    {
      "roi": -0.2,
      "C": 0.5653068932277288,
      "beta": 0.3610630489226995,
      "r2": 0.9934005726256098
    },
    {
      "roi": -0.1,
      "C": 0.5966328270586659,
      "beta": 0.3646693531787297,
      "r2": 0.9942534599958927
    },
    {
      "roi": 0,
      "C": 0.6235027661931496,
      "beta": 0.36844832404046907,
      "r2": 0.9949539227076079
    },
    {
      "roi": 0.1,
      "C": 0.6517218693716709,
      "beta": 0.37100659794811724,
      "r2": 0.9955873430777251
    },
    {
      "roi": 0.2,
      "C": 0.6756865875409305,
      "beta": 0.3739669301731187,
      "r2": 0.9960197520222581
    },
    {
      "roi": 0.4,
      "C": 0.7193253370670166,
      "beta": 0.37924508690528863,
      "r2": 0.9966639489331554
    },
    {
      "roi": 0.8,
      "C": 0.8006637757450916,
      "beta": 0.3862780251764537,
      "r2": 0.997393942237121
    }
  ],
  "globalBeta": 0.372096766620697,
  "globalR2": 0.9950610834707522
}