{
  "meta": {
    "N": 500,
    "samples": 120000,
    "buyIn": 50,
    "rake": 0.1,
    "bountyFraction": 0.5,
    "mysteryBountyVariance": 2,
    "pkoHeadVar": 0.4,
    "payout": "mtt-gg-bounty",
    "finishModel": "mystery-realdata-linear",
    "mergedWithDense": true
  },
  "fields": [
    50,
    75,
    100,
    150,
    200,
    300,
    500,
    750,
    1000,
    1500,
    2000,
    3000,
    5000,
    7500,
    10000,
    15000,
    25000,
    50000
  ],
  "rois": [
    -0.2,
    -0.1,
    0,
    0.05,
    0.1,
    0.15,
    0.2,
    0.25,
    0.3,
    0.4,
    0.8
  ],
  "table": {
    "0": [
      3.6540138834934646,
      4.317711622240348,
      4.435617955420656,
      4.699381508395297,
      4.790026479708708,
      5.054097183208056,
      5.322343951900644,
      5.286225511384352,
      5.5703387437561895,
      6.098577413917876,
      6.469394534492901,
      7.196504653508007,
      8.197537980037998,
      9.166526712332368,
      10.03804038268769,
      11.24602740689722,
      13.697613647470751,
      18.385630528547352
    ],
    "-0.2": [
      3.1381472471633547,
      3.736092550794447,
      3.8587265493964567,
      4.113527601818195,
      4.21447387518368,
      4.467335883278513,
      4.728320422885661,
      4.676499601444439,
      4.970971584021227,
      5.500302129199448,
      5.8871410772924,
      6.609719076218325,
      7.63062623707535,
      8.60462804795028,
      9.46961978440619,
      10.699361368249537,
      13.186314679082672,
      17.871639225675633
    ],
    "-0.1": [
      3.394514443658705,
      4.025025445798446,
      4.145177457648302,
      4.404307445071054,
      4.500062868609465,
      4.758418007400526,
      5.022907400106111,
      4.979060108634499,
      5.268198578514531,
      5.796817465439842,
      6.1755627418224055,
      6.90021351836401,
      7.911183381913265,
      8.882631221673966,
      9.75077141001165,
      10.969813414081072,
      13.43944851068683,
      18.126220764708258
    ],
    "0.1": [
      3.916022931820691,
      4.613436787105105,
      4.7293130638794745,
      4.9979892760128175,
      5.083616194130284,
      5.353611781451974,
      5.6258557747560625,
      5.597237738184389,
      5.8766343141064015,
      6.40484072793687,
      6.767931844970747,
      7.497905317711721,
      8.489103372303983,
      9.455783811324526,
      10.330916404836447,
      11.527589165960872,
      13.960530967971852,
      18.649667041977533
    ],
    "0.2": [
      4.1800697043895045,
      4.911652048616825,
      5.025692229393673,
      5.299533450765363,
      5.380238435253293,
      5.656352556261294,
      5.932817451945422,
      5.911489658878692,
      6.1864681109084065,
      6.714991255221168,
      7.0705786625927205,
      7.803823510000667,
      8.785360772145214,
      9.749925331820332,
      10.628935986638242,
      11.81411634305491,
      14.227937028550171,
      18.918136582234297
    ],
    "0.4": [
      4.712903984090362,
      5.513933634861679,
      5.624802022954334,
      5.909628925230439,
      5.980771344584638,
      6.269638554515287,
      6.555146630610379,
      6.547842240904096,
      6.814814773010125,
      7.344978336586051,
      7.686252728533991,
      8.42723754906395,
      9.390168350870345,
      10.351189297277966,
      11.238762178815492,
      12.400684306926445,
      14.775236450724996,
      19.46763812197494
    ],
    "0.8": [
      5.791405208874468,
      6.734543708595814,
      6.840602871621248,
      7.1494339301525285,
      7.202436485297625,
      7.518464385214051,
      7.824010236122535,
      7.842977026996941,
      8.096735268297442,
      8.63373149620622,
      8.949045869749098,
      9.709878626023167,
      10.639076349695147,
      11.596120183217243,
      12.50404632032396,
      13.619635283386742,
      15.913704636193563,
      20.61214933317804
    ],
    "0.05": [
      3.7847371649826402,
      4.4652319234769084,
      4.582097634979085,
      4.848284306166915,
      4.9364083231649465,
      5.203416250529765,
      5.473632611198734,
      5.441291807456349,
      5.723008590807876,
      6.251187290871109,
      6.618114563962649,
      7.346605348976447,
      8.342703243701447,
      9.310516076235228,
      10.183807530509288,
      11.386164434401653,
      13.828495110929175,
      18.51708273025357
    ],
    "0.15": [
      4.047816453891754,
      4.762262301402881,
      4.877197618053848,
      5.148426442185133,
      5.2315803639957,
      5.504612032467254,
      5.778939595658085,
      5.753991783866303,
      6.03114286963993,
      6.559464390300659,
      6.918775099121805,
      7.650333406280224,
      8.636675569555536,
      9.602271898354013,
      10.479310500231012,
      11.670254786957747,
      14.093688774039938,
      18.783359490383024
    ],
    "0.25": [
      4.31274038982407,
      5.061556069685499,
      5.174744379512398,
      5.4512545985955745,
      5.529534442873006,
      5.808775339494748,
      6.087429129105512,
      6.069673460116345,
      6.342550037766362,
      6.871359993513927,
      7.223281990426482,
      7.9583141806129465,
      8.935103417120478,
      9.898691963333574,
      10.779741588142477,
      11.959130675068117,
      14.36324515540842,
      19.05397530107402
    ],
    "0.3": [
      4.445791139245226,
      5.211929990610938,
      5.32430724429684,
      5.603540000693771,
      5.679418078392473,
      5.961828053540116,
      6.242720104376758,
      6.228490926784276,
      6.4993341348830205,
      7.028514416000267,
      7.376829206383609,
      8.113748264123526,
      9.08585122195081,
      10.048522350902951,
      10.931678464786163,
      12.105256354198549,
      14.499583482894678,
      19.190853103355934
    ]
  },
  "perRoiFits": [
    {
      "roi": -0.2,
      "C": 1.247454420322159,
      "beta": 0.22150478627181566,
      "r2": 0.9416577293913351
    },
    {
      "roi": -0.1,
      "C": 1.4032430199975725,
      "beta": 0.2120518855875345,
      "r2": 0.938961057248082
    },
    {
      "roi": 0,
      "C": 1.5669840028303663,
      "beta": 0.20334729540190863,
      "r2": 0.936529101600766
    },
    {
      "roi": 0.05,
      "C": 1.651633256233242,
      "beta": 0.19925535863242005,
      "r2": 0.9354110852234648
    },
    {
      "roi": 0.1,
      "C": 1.7380333226064948,
      "beta": 0.1953263459775959,
      "r2": 0.9343568670454809
    },
    {
      "roi": 0.15,
      "C": 1.8261119553767948,
      "beta": 0.19155252586601534,
      "r2": 0.9333649672517128
    },
    {
      "roi": 0.2,
      "C": 1.9157999874534337,
      "beta": 0.18792643321596772,
      "r2": 0.9324337101940646
    },
    {
      "roi": 0.25,
      "C": 2.00703121647411,
      "beta": 0.18444089982703482,
      "r2": 0.9315612777668604
    },
    {
      "roi": 0.3,
      "C": 2.0997422918527797,
      "beta": 0.1810890715099021,
      "r2": 0.93074575246075
    },
    {
      "roi": 0.4,
      "C": 2.289364174114639,
      "beta": 0.17476072088130415,
      "r2": 0.9292774572204645
    },
    {
      "roi": 0.8,
      "C": 3.0961311565324703,
      "beta": 0.1536405193140189,
      "r2": 0.9252800292442194
    }
  ],
  "globalBeta": 0.19135416749868345,
  "globalR2": 0.9264895637840154,
  "cRoiLinear": {
    "C0": 1.566855999714613,
    "C1": 1.8492886189401636,
    "r2": 0.9969068152502336
  }
}