{
  "meta": {
    "N": 500,
    "samples": 120000,
    "buyIn": 50,
    "rake": 0.1,
    "bountyFraction": 0.5,
    "pkoHeadVar": 0.4,
    "payout": "mtt-gg-bounty",
    "finishModel": "pko-realdata-linear",
    "mergedWithDense": true
  },
  "fields": [
    50,
    75,
    100,
    150,
    200,
    300,
    500,
    750,
    1000,
    1500,
    2000,
    3000,
    5000,
    7500,
    10000,
    15000,
    25000,
    50000
  ],
  "rois": [
    -0.2,
    -0.1,
    0,
    0.05,
    0.1,
    0.15,
    0.2,
    0.25,
    0.3,
    0.4,
    0.8
  ],
  "table": {
    "0": [
      2.1886476096356327,
      2.538549977136366,
      2.7317229614461254,
      2.880379735672874,
      3.0185790414577593,
      3.1971917761336015,
      3.3472332918724117,
      3.3153639867815126,
      3.6553485061141817,
      4.189779708774973,
      4.660719119959666,
      5.414619195467878,
      6.615855340699445,
      7.804372691015096,
      8.82540127886477,
      10.528856311945813,
      13.280231105095242,
      18.245951293383136
    ],
    "-0.2": [
      1.9752591600130254,
      2.322189738307788,
      2.5101785967539803,
      2.6511568205589384,
      2.7857812819339203,
      2.9576763818870586,
      3.09813519860951,
      3.0594142255298866,
      3.3959493993979004,
      3.9278338327385187,
      4.397523051160891,
      5.1505426965541306,
      6.350227686679637,
      7.540168588043475,
      8.558450506053445,
      10.263330253145142,
      13.013224645948897,
      17.980798215232017
    ],
    "-0.1": [
      2.0812770990999856,
      2.4296720470958326,
      2.6202590407980133,
      2.765098778891571,
      2.9015289074487547,
      3.0768017833393944,
      3.222066568334504,
      3.1867759286535997,
      3.5250522997028804,
      4.058226733928398,
      4.52854889072937,
      5.282020858987277,
      6.4825080831135296,
      7.671761217746218,
      8.691433346610493,
      10.39562874697348,
      13.146307023281928,
      18.113015532005758
    ],
    "0.1": [
      2.29718104140543,
      2.6486514249033095,
      2.8444077202866587,
      2.9968451713657296,
      3.136785876829126,
      3.318708739588279,
      3.4735018248423373,
      3.4450410795199047,
      3.7867148400430675,
      4.322386837139921,
      4.793939086365724,
      5.548257393135783,
      6.750206233661257,
      7.937951945593847,
      8.960310117837162,
      10.662978123546125,
      13.414971682749865,
      18.3795899102881
    ],
    "0.2": [
      2.4067200702873923,
      2.7598299601802974,
      2.9581738056252203,
      3.114362203632888,
      3.256023437170059,
      3.4412332888792916,
      3.600756256909274,
      3.575688722979361,
      3.9190436909524244,
      4.455954006654972,
      4.92812365932606,
      5.682862092330379,
      6.885502013021694,
      8.072450938407796,
      9.09611799852287,
      10.797960859429207,
      13.550504399582856,
      18.513916162504543
    ],
    "0.4": [
      2.6283108952132004,
      2.984935752871636,
      3.188485904969213,
      3.3521076994068655,
      3.4971681304151874,
      3.6889027454402243,
      3.857831831899883,
      3.8394986443228456,
      4.186223187384954,
      4.725642276102926,
      5.199087347299307,
      5.954708360161533,
      7.158713565960569,
      8.34402993129436,
      9.370274264649892,
      11.070382935455198,
      13.823852918815781,
      18.784572491066648
    ],
    "0.8": [
      3.078998550677878,
      3.443612257356205,
      3.6577653146563156,
      3.8360791118307676,
      3.987863951506893,
      4.192545070014035,
      4.380130799029525,
      4.375044615080958,
      4.728665555767146,
      5.273397640889434,
      5.749673138682137,
      6.5073989073735286,
      7.714311467226449,
      8.89640371401758,
      9.927762125630434,
      11.624243887856965,
      14.379072149328904,
      19.333506263900617
    ],
    "0.05": [
      2.242779469841004,
      2.593457459984696,
      2.787921950695246,
      2.9384731625547995,
      3.0775461712139687,
      3.257817240902211,
      3.410237456396638,
      3.380074213097606,
      3.720904969403813,
      4.25595764390998,
      4.727203416484397,
      5.4813130513848884,
      6.682909105299944,
      7.871044416809703,
      8.8927407544216,
      10.59580755399497,
      13.34750087387633,
      18.312683704714885
    ],
    "0.15": [
      2.351833607872893,
      2.7041143297011727,
      2.901163519394574,
      3.0554797960264124,
      3.1962830026282685,
      3.379851893600815,
      3.537012434914065,
      3.5102503365777773,
      3.852765132545101,
      4.389055879962889,
      4.860915776275846,
      5.615443262249218,
      6.817739519139301,
      8.005089364757945,
      9.028104207439227,
      10.730363901722077,
      13.48264051353857,
      18.446668019043557
    ],
    "0.25": [
      2.4618247845457195,
      2.8157833144052917,
      3.0154241448409427,
      3.17347860172598,
      3.3159940302428406,
      3.5028404011119156,
      3.664721121447968,
      3.6413438857338956,
      3.9855391272596257,
      4.523071052486789,
      4.995553404425824,
      5.750505689693913,
      6.953487014328561,
      8.140031101677604,
      9.164346599503084,
      10.865765055364744,
      13.618560424890376,
      18.58133249454176
    ],
    "0.3": [
      2.517133416877006,
      2.8719604979557887,
      3.0729011199962035,
      3.232816153837405,
      3.3761825170607107,
      3.5646615272967748,
      3.7288956533648685,
      3.7072043074308945,
      4.052240764876407,
      4.590397414897167,
      5.063196147556433,
      5.818366214996267,
      7.021688060015422,
      8.20782445521305,
      9.232785248163204,
      10.933772634055948,
      13.686805723292045,
      18.64891519113592
    ]
  },
  "perRoiFits": [
    {
      "roi": -0.2,
      "C": 0.5396609184638579,
      "beta": 0.2982339201961194,
      "r2": 0.9426802798630785
    },
    {
      "roi": -0.1,
      "C": 0.5823906777636696,
      "beta": 0.29185825472233407,
      "r2": 0.9418343773032006
    },
    {
      "roi": 0,
      "C": 0.626821707517653,
      "beta": 0.28574907899247215,
      "r2": 0.9410197374200077
    },
    {
      "roi": 0.05,
      "C": 0.6496543437335599,
      "beta": 0.28279194753016573,
      "r2": 0.9406259073786533
    },
    {
      "roi": 0.1,
      "C": 0.6728876802665892,
      "beta": 0.2798982410697347,
      "r2": 0.9402417777595401
    },
    {
      "roi": 0.15,
      "C": 0.696513923390817,
      "beta": 0.27706670381251525,
      "r2": 0.9398677570855973
    },
    {
      "roi": 0.2,
      "C": 0.7205254643258914,
      "beta": 0.2742960267007132,
      "r2": 0.9395041708740497
    },
    {
      "roi": 0.25,
      "C": 0.7449148728596404,
      "beta": 0.27158486348467964,
      "r2": 0.9391512720360953
    },
    {
      "roi": 0.3,
      "C": 0.7696748914398331,
      "beta": 0.26893184411038273,
      "r2": 0.938809250043116
    },
    {
      "roi": 0.4,
      "C": 0.8202785592034155,
      "beta": 0.26379470243336073,
      "r2": 0.9381583247781621
    },
    {
      "roi": 0.8,
      "C": 1.0361753604788126,
      "beta": 0.24529851152878435,
      "r2": 0.9359972169559747
    }
  ],
  "globalBeta": 0.27631855405284206,
  "globalR2": 0.9376685076177671,
  "cRoiLinear": {
    "C0": 0.6265462317246636,
    "C1": 0.49614864126791786,
    "r2": 0.9972764556674666
  }
}