{
  "meta": {
    "N": 500,
    "samples": 200000,
    "buyIn": 50,
    "rake": 0.08,
    "bountyFraction": 0.5,
    "pkoHeadVar": 0,
    "payout": "battle-royale",
    "finishModel": "mystery-realdata-linear",
    "fixedAfs": 18,
    "note": "BR AFS locked at 18 in UI; β=0. σ_ROI = C0 + C1·roi (evaluated at AFS=18)."
  },
  "rois": [
    -0.2,
    -0.1,
    0,
    0.05,
    0.1,
    0.15,
    0.2,
    0.25,
    0.3,
    0.4,
    0.8
  ],
  "sigmas": [
    6.580315879665834,
    7.365505590511154,
    8.152789909736427,
    8.54703672972778,
    8.941615581175787,
    9.3364843671979,
    9.731607794785582,
    10.126956057933969,
    10.522503814317075,
    11.314114103803206,
    14.485354517163747
  ],
  "cRoiLinear": {
    "C0": 8.153359685943416,
    "C1": 7.906321949046608,
    "r2": 0.9999963105122281
  }
}