{
  "meta": {
    "N": 500,
    "samples": 120000,
    "buyIn": 50,
    "rake": 0.1,
    "bountyFraction": 0.5,
    "mysteryBountyVariance": 1.8,
    "pkoHeadVar": 0.4,
    "payout": "mtt-gg-bounty",
    "finishModel": "mystery-realdata-linear",
    "mergedWithDense": true
  },
  "fields": [
    50,
    75,
    100,
    150,
    200,
    300,
    500,
    750,
    1000,
    1500,
    2000,
    3000,
    5000,
    7500,
    10000,
    15000,
    25000,
    50000
  ],
  "rois": [
    -0.2,
    -0.1,
    0,
    0.05,
    0.1,
    0.15,
    0.2,
    0.25,
    0.3,
    0.4,
    0.8
  ],
  "table": {
    "0": [
      3.308197100486403,
      3.9202949567878256,
      4.176666405048582,
      4.316102624043773,
      4.406573932419009,
      4.595899962527451,
      4.778594607493326,
      4.7945908326868345,
      5.076961743805646,
      5.587775303140496,
      5.985285257371507,
      6.694949572435804,
      7.867059982609988,
      8.9682558960017,
      9.98960023234182,
      11.615685138132461,
      14.213599785573791,
      19.053843512867548
    ],
    "-0.2": [
      2.825528910609218,
      3.375158107454979,
      3.6097260684538623,
      3.7436981185882825,
      3.840721068336067,
      4.018381454129118,
      4.186055789245001,
      4.187195684562384,
      4.475056334960607,
      4.987030602576521,
      5.396961672942218,
      6.117287013818395,
      7.29671916410294,
      8.419679316087114,
      9.442303444668543,
      11.08072862746414,
      13.71214245802927,
      18.56636202998644
    ],
    "-0.1": [
      3.0654754191700926,
      3.646039870067261,
      3.8913919112055337,
      4.028049576181721,
      4.121743820665293,
      4.305170034730414,
      4.480343447345456,
      4.488966687303643,
      4.773899464668128,
      5.285029614381882,
      5.68862518471629,
      6.403458075285235,
      7.5790477603653175,
      8.691186479797208,
      9.713164967572038,
      11.345432847420163,
      13.960517174370265,
      18.80796428798535
    ],
    "0.1": [
      3.5531252658863397,
      4.197262166294537,
      4.464857897702011,
      4.607163012355915,
      4.694518443973389,
      4.889868282862679,
      5.080111231110097,
      5.103375912110146,
      5.383530676887747,
      5.89453634067302,
      6.286234537381689,
      6.991096035386434,
      8.16015404315645,
      9.250387773192562,
      10.271159218189844,
      11.891107228270709,
      14.471143287764972,
      19.303836273980714
    ],
    "0.2": [
      3.7998332652600095,
      4.476438111634547,
      4.7554360861468785,
      4.900694937619143,
      4.98503770497154,
      5.186524375966955,
      5.384344760435671,
      5.4147811832044574,
      5.693039794480164,
      6.2047171993796875,
      6.5908854968637645,
      7.291330284492234,
      8.457801645112932,
      9.537132841760554,
      10.557431995399167,
      12.171348164986664,
      14.732913742622559,
      19.557784831047794
    ],
    "0.4": [
      4.297360584011764,
      5.039945347675368,
      5.342191743130899,
      5.4935855899501504,
      5.572186251293148,
      5.786242772448007,
      5.99930573483901,
      6.04382906178851,
      6.319146608639417,
      6.833470735190699,
      7.20940991768312,
      7.902192292631235,
      9.06495660519468,
      10.122888266764692,
      11.142659778868953,
      12.745009677940132,
      15.268262384389377,
      20.076946572691075
    ],
    "0.8": [
      5.303441274389229,
      6.180974595613562,
      6.5310277555691325,
      6.695418912631934,
      6.763463005023551,
      7.0035877310795875,
      7.247452454130314,
      7.319336037611935,
      7.591487864759398,
      8.115387116655924,
      8.473859447813863,
      9.15570472275412,
      10.316843436328972,
      11.33449689601654,
      12.35534610571151,
      13.937371509822654,
      16.380729386822544,
      21.15641699234931
    ],
    "0.05": [
      3.4304148119014393,
      4.058474122638307,
      4.320433871264993,
      4.461293546253543,
      4.550193691900291,
      4.742516805935698,
      4.9289820385624035,
      4.9486250956516376,
      5.2298462553478275,
      5.74069393692922,
      6.135262984964166,
      6.842478486180999,
      8.013006409036947,
      9.108718229899912,
      10.129765780738541,
      11.752772514479034,
      14.341828847709582,
      19.17833569322719
    ],
    "0.15": [
      3.6762791210363632,
      4.336600628794851,
      4.609876776135876,
      4.753648557793077,
      4.8394851154710725,
      5.037889932605926,
      5.2319179059599845,
      5.258780024099044,
      5.537948413565343,
      6.049232035592774,
      6.438130000629261,
      7.140734248233764,
      8.30843906280308,
      9.393209904197873,
      10.41373052946733,
      12.030646251953549,
      14.601514268682532,
      19.430325715346942
    ],
    "0.25": [
      3.923749884881264,
      4.616729270110901,
      4.901487680438021,
      5.048253143832572,
      5.131126351218842,
      5.335720402353239,
      5.537340579559049,
      5.571329236427473,
      5.848751230789672,
      6.360933939526648,
      6.744442589441469,
      7.4428260034051075,
      8.608185699166347,
      9.682107496079079,
      10.702218091440862,
      12.313173102628024,
      14.865314436030793,
      19.686194786497833
    ],
    "0.3": [
      4.047995691914181,
      4.757433969302868,
      5.0479888299529385,
      5.196279573775385,
      5.277706539721514,
      5.485432189155173,
      5.6908594745526,
      5.728379346544916,
      6.005034488302096,
      6.517829653855276,
      6.898747751114657,
      7.59516756906182,
      8.75953861513738,
      9.82808732546907,
      10.848045388834635,
      12.456082704667237,
      14.998689834184493,
      19.815537096621497
    ]
  },
  "perRoiFits": [
    {
      "roi": -0.2,
      "C": 1.0022805107100379,
      "beta": 0.24337983892023712,
      "r2": 0.9284147851484599
    },
    {
      "roi": -0.1,
      "C": 1.1387792217762862,
      "beta": 0.23296536308601887,
      "r2": 0.9263840260869173
    },
    {
      "roi": 0,
      "C": 1.2828633695865637,
      "beta": 0.22341293336992832,
      "r2": 0.9246326395748582
    },
    {
      "roi": 0.05,
      "C": 1.3575681457085864,
      "beta": 0.2189336799644752,
      "r2": 0.9238574028753335
    },
    {
      "roi": 0.1,
      "C": 1.4339567260194468,
      "beta": 0.21463897664202208,
      "r2": 0.9231463235987278
    },
    {
      "roi": 0.15,
      "C": 1.511963996939604,
      "beta": 0.21051926252888065,
      "r2": 0.922497107406296
    },
    {
      "roi": 0.2,
      "C": 1.591527450057752,
      "beta": 0.20656542437983438,
      "r2": 0.9219073791892833
    },
    {
      "roi": 0.25,
      "C": 1.672587095880941,
      "beta": 0.20276880969748548,
      "r2": 0.9213747236681209
    },
    {
      "roi": 0.3,
      "C": 1.755085377276853,
      "beta": 0.1991212274892774,
      "r2": 0.9208967164645053
    },
    {
      "roi": 0.4,
      "C": 1.9241792621711875,
      "beta": 0.1922426516189024,
      "r2": 0.9200950400402576
    },
    {
      "roi": 0.8,
      "C": 2.648099621402405,
      "beta": 0.16934286516797342,
      "r2": 0.9186159618264331
    }
  ],
  "globalBeta": 0.2103537302604577,
  "globalR2": 0.9157000985281667,
  "cRoiLinear": {
    "C0": 1.282623619996717,
    "C1": 1.646169721828604,
    "r2": 0.9963122221167562
  }
}