{
  "meta": {
    "N": 500,
    "samples": 120000,
    "buyIn": 50,
    "rake": 0.1,
    "payout": "mtt-standard",
    "finishModel": "freeze-realdata-linear"
  },
  "fields": [
    50,
    75,
    100,
    150,
    200,
    300,
    500,
    750,
    1000,
    1500,
    2000,
    3000,
    5000,
    7500,
    10000,
    15000,
    25000,
    50000
  ],
  "rois": [
    -0.2,
    -0.1,
    0,
    0.1,
    0.2,
    0.4,
    0.8
  ],
  "table": {
    "0": [
      2.999875194902175,
      3.4641349402336283,
      3.755829290402416,
      4.204897597850516,
      4.586190913698066,
      4.836856058691818,
      6.268920554896186,
      7.369094814466297,
      8.252767852193042,
      9.61751218062742,
      10.726384035826678,
      12.482618566780587,
      15.064629901468765,
      17.344828349088967,
      19.254856993712252,
      22.073249222087135,
      28.546607575264407,
      40.26004066920818
    ],
    "-0.2": [
      2.999875194902175,
      3.4641349402336283,
      3.755829290402416,
      4.204897597850516,
      4.586190913698066,
      4.836856058691818,
      6.268920554896186,
      7.369094814466297,
      8.252767852193042,
      9.61751218062742,
      10.726384035826678,
      12.482618566780587,
      15.064629901468765,
      17.344828349088967,
      19.254856993712252,
      22.073249222087135,
      28.546607575264407,
      40.26004066920818
    ],
    "-0.1": [
      2.999875194902175,
      3.4641349402336283,
      3.755829290402416,
      4.204897597850516,
      4.586190913698066,
      4.836856058691818,
      6.268920554896186,
      7.369094814466297,
      8.252767852193042,
      9.61751218062742,
      10.726384035826678,
      12.482618566780587,
      15.064629901468765,
      17.344828349088967,
      19.254856993712252,
      22.073249222087135,
      28.546607575264407,
      40.26004066920818
    ],
    "0.1": [
      2.999875194902175,
      3.4641349402336283,
      3.755829290402416,
      4.204897597850516,
      4.586190913698066,
      4.836856058691818,
      6.268920554896186,
      7.369094814466297,
      8.252767852193042,
      9.61751218062742,
      10.726384035826678,
      12.482618566780587,
      15.064629901468765,
      17.344828349088967,
      19.254856993712252,
      22.073249222087135,
      28.546607575264407,
      40.26004066920818
    ],
    "0.2": [
      2.999875194902175,
      3.4641349402336283,
      3.755829290402416,
      4.204897597850516,
      4.586190913698066,
      4.836856058691818,
      6.268920554896186,
      7.369094814466297,
      8.252767852193042,
      9.61751218062742,
      10.726384035826678,
      12.482618566780587,
      15.064629901468765,
      17.344828349088967,
      19.254856993712252,
      22.073249222087135,
      28.546607575264407,
      40.26004066920818
    ],
    "0.4": [
      2.999875194902175,
      3.4641349402336283,
      3.755829290402416,
      4.204897597850516,
      4.586190913698066,
      4.836856058691818,
      6.268920554896186,
      7.369094814466297,
      8.252767852193042,
      9.61751218062742,
      10.726384035826678,
      12.482618566780587,
      15.064629901468765,
      17.344828349088967,
      19.254856993712252,
      22.073249222087135,
      28.546607575264407,
      40.26004066920818
    ],
    "0.8": [
      2.999875194902175,
      3.4641349402336283,
      3.755829290402416,
      4.204897597850516,
      4.586190913698066,
      4.836856058691818,
      6.268920554896186,
      7.369094814466297,
      8.252767852193042,
      9.61751218062742,
      10.726384035826678,
      12.482618566780587,
      15.064629901468765,
      17.344828349088967,
      19.254856993712252,
      22.073249222087135,
      28.546607575264407,
      40.26004066920818
    ]
  },
  "perRoiFits": [
    {
      "roi": -0.2,
      "C": 0.6563523927111674,
      "beta": 0.36938062431152807,
      "r2": 0.9955685131774948
    },
    {
      "roi": -0.1,
      "C": 0.6563523927111674,
      "beta": 0.36938062431152807,
      "r2": 0.9955685131774948
    },
    {
      "roi": 0,
      "C": 0.6563523927111674,
      "beta": 0.36938062431152807,
      "r2": 0.9955685131774948
    },
    {
      "roi": 0.1,
      "C": 0.6563523927111674,
      "beta": 0.36938062431152807,
      "r2": 0.9955685131774948
    },
    {
      "roi": 0.2,
      "C": 0.6563523927111674,
      "beta": 0.36938062431152807,
      "r2": 0.9955685131774948
    },
    {
      "roi": 0.4,
      "C": 0.6563523927111674,
      "beta": 0.36938062431152807,
      "r2": 0.9955685131774948
    },
    {
      "roi": 0.8,
      "C": 0.6563523927111674,
      "beta": 0.36938062431152807,
      "r2": 0.9955685131774948
    }
  ],
  "globalBeta": 0.36938062431152857,
  "globalR2": 0.9955685131774948,
  "cRoiLinear": {
    "C0": 0.6563523927111675,
    "C1": 3.55068565878799e-32,
    "r2": 0
  }
}