{
  "meta": {
    "N": 500,
    "samples": 200000,
    "buyIn": 50,
    "rake": 0.08,
    "bountyFraction": 0.5,
    "pkoHeadVar": 0,
    "payout": "battle-royale",
    "finishModel": "mystery-realdata-linear",
    "fixedAfs": 18,
    "note": "BR AFS locked at 18 in UI; β=0. σ_ROI = C0 + C1·roi (evaluated at AFS=18)."
  },
  "rois": [
    -0.2,
    -0.1,
    0,
    0.05,
    0.1,
    0.15,
    0.2,
    0.25,
    0.3,
    0.4,
    0.8
  ],
  "sigmas": [
    5.681362670648001,
    6.3475264514919605,
    7.016055679573666,
    7.351005750453164,
    7.6863331657492315,
    8.021990605453263,
    8.357938308006641,
    8.694142625601014,
    9.030574897287844,
    9.704028451119315,
    12.403348696778437
  ],
  "cRoiLinear": {
    "C0": 7.016693415369507,
    "C1": 6.7234255041528055,
    "r2": 0.9999933730058622
  }
}