{
  "meta": {
    "buyIn": 50,
    "rake": 0.08,
    "bountyFraction": 0.5,
    "pkoHeadVar": 0,
    "payout": "battle-royale",
    "finishModel": "powerlaw-realdata-influenced",
    "fixedAfs": 18,
    "roiMin": -0.1,
    "roiMax": 0.1,
    "note": "BR runtime helper line for the validated UI box. Point estimate in the widget comes from runtime single-row compile; xval_br.ts validates the ±resid band against independent simulations."
  },
  "rois": [
    -0.1,
    -0.05,
    0,
    0.05,
    0.1
  ],
  "sigmas": [
    5.168849880133399,
    5.331893406894969,
    5.489975426237153,
    5.64347374724194,
    5.79272051659617
  ],
  "cRoiLinear": {
    "C0": 5.485382595420726,
    "C1": 3.1186432265450263,
    "r2": 0.9996957284665745
  }
}