{
  "meta": {
    "N": 500,
    "samples": 120000,
    "buyIn": 50,
    "rake": 0.1,
    "bountyFraction": 0.5,
    "mysteryBountyVariance": 2,
    "pkoHeadVar": 0.4,
    "payout": "mtt-gg-bounty",
    "finishModel": "mystery-realdata-linear",
    "mergedWithDense": true
  },
  "fields": [
    50,
    75,
    100,
    150,
    200,
    300,
    500,
    750,
    1000,
    1500,
    2000,
    3000,
    5000,
    7500,
    10000,
    15000,
    25000,
    50000
  ],
  "rois": [
    -0.2,
    -0.1,
    0,
    0.05,
    0.1,
    0.15,
    0.2,
    0.25,
    0.3,
    0.4,
    0.8
  ],
  "table": {
    "0": [
      4.716204885980269,
      5.773054090773206,
      5.599324885684268,
      5.755585499416199,
      5.624145197736995,
      5.863823242608584,
      5.921399026403137,
      5.833627423255714,
      6.010196220670565,
      6.346660941471471,
      6.656608575640988,
      7.159140220956181,
      7.973593987863163,
      8.754542963656954,
      9.444177533574315,
      10.550533852526852,
      12.829105387137663,
      17.12864598183342
    ],
    "-0.2": [
      3.948171851696758,
      4.843824841933735,
      4.735034220683505,
      4.899123903903574,
      4.822504167439613,
      5.046142262933913,
      5.138382816660294,
      5.041425235532076,
      5.245581826628081,
      5.618737860838606,
      5.9504306210302085,
      6.4956940761666875,
      7.362889607898124,
      8.191096213134587,
      8.917717830214562,
      10.067164215569846,
      12.42863067380098,
      16.824754880343413
    ],
    "-0.1": [
      4.330401540531532,
      5.306171433705058,
      5.1646431331658755,
      5.324448898235089,
      5.220187859134707,
      5.451436767285982,
      5.525982541665602,
      5.433691879370276,
      5.623544496759203,
      5.977725374895961,
      6.298000835972555,
      6.8213636429435,
      7.661535661109333,
      8.465921149440222,
      9.174033703299672,
      10.301955541648189,
      12.622771223329412,
      16.97173312494987
    ],
    "0.1": [
      5.104771693567615,
      6.243455281549933,
      6.037983977993077,
      6.191319741324785,
      6.033116127399217,
      6.281905150213968,
      6.323165987686435,
      6.2397574332452,
      6.403963336219779,
      6.723907234175144,
      7.024563628713974,
      7.507389812263117,
      8.297551480322882,
      9.055642547867931,
      9.726997275033218,
      10.811948257224593,
      13.047054666056264,
      17.295223054445188
    ],
    "0.2": [
      5.495515813183753,
      6.716635782668775,
      6.4798127073343394,
      6.630745294806798,
      6.446146468164377,
      6.704617119187484,
      6.730146215694904,
      6.650947239083075,
      6.803610520090299,
      7.108141164964163,
      7.400471867629448,
      7.864721305878994,
      8.632068532073413,
      9.368016826696106,
      10.021419784530126,
      11.085290686890549,
      13.276047025784486,
      17.471187917844105
    ],
    "0.4": [
      6.281908750511723,
      7.669274229380171,
      7.370695334302533,
      7.518076296256744,
      7.281616008577643,
      7.560817073624009,
      7.556367046059941,
      7.485161267239197,
      7.6168301276983295,
      7.893472765139569,
      8.171735616044296,
      8.602075277434368,
      9.328202482550813,
      10.022335429482585,
      10.641183530774896,
      11.664369269784643,
      13.764930047603343,
      17.85015571507926
    ],
    "0.8": [
      7.867431503009504,
      9.590906836236586,
      9.17150118660693,
      9.31530220575134,
      8.97787187933209,
      9.302358425005872,
      9.242405110213344,
      9.185786221277514,
      9.281759215014104,
      9.511909509321784,
      9.770313206364257,
      10.14412789887108,
      10.803976834637018,
      11.425033835916588,
      11.981458737926165,
      12.93124122381195,
      14.851607096493046,
      18.70830392481923
    ],
    "0.05": [
      4.910183751492587,
      6.007866379633357,
      5.818213298719841,
      5.972940555063471,
      5.82806962645832,
      6.072225418292726,
      6.1215663830023495,
      6.035995822122556,
      6.206274427884388,
      6.534334467446731,
      6.839511078719683,
      7.332048107882477,
      8.134172972090523,
      8.903610924582958,
      9.584071872710517,
      10.67969437067658,
      12.936664094862278,
      17.21074364775662
    ],
    "0.15": [
      5.299901625183846,
      6.479736089266753,
      6.258543981050697,
      6.410618397321569,
      6.239174072963957,
      6.492738665442483,
      6.526065109150911,
      6.444780112349386,
      6.603118280272731,
      6.915223047016807,
      7.211600714339882,
      7.684998745232197,
      8.463567390258671,
      9.21049107690383,
      9.87282210248582,
      10.947183398976948,
      13.160205838115681,
      17.38204947506531
    ],
    "0.25": [
      5.691564327355789,
      6.954091112730361,
      6.701719958089965,
      6.85162060573192,
      6.653947981126122,
      6.917444494016164,
      6.935304963381243,
      6.858155602444306,
      7.005325236495698,
      7.302534600191463,
      7.591040190604701,
      8.046415867207825,
      8.8029121935581,
      9.528087012478455,
      10.17266880812616,
      11.2261641197241,
      13.394508436178551,
      17.5626031790284
    ],
    "0.3": [
      5.888003783546274,
      7.192047044335379,
      6.924204343195923,
      7.073174217912467,
      6.862503293424198,
      7.13113582933385,
      7.141448477744616,
      7.0663136052221045,
      7.20815980006496,
      7.498288610595991,
      7.78318102053829,
      8.229951821301233,
      8.975964616947767,
      9.690575547098817,
      10.326452673279512,
      11.369700878263766,
      13.5155211719571,
      17.65625989398131
    ]
  },
  "perRoiFits": [
    {
      "roi": -0.2,
      "C": 1.888259178623132,
      "beta": 0.17151063736904926,
      "r2": 0.8653729873162777
    },
    {
      "roi": -0.1,
      "C": 2.1923648696013527,
      "beta": 0.15873520062536978,
      "r2": 0.8523453668254272
    },
    {
      "roi": 0,
      "C": 2.515515612129844,
      "beta": 0.1472594595103363,
      "r2": 0.8398655732212679
    },
    {
      "roi": 0.05,
      "C": 2.683659239371397,
      "beta": 0.14196014600279375,
      "r2": 0.8338299831925007
    },
    {
      "roi": 0.1,
      "C": 2.8558906852356123,
      "beta": 0.136929207607476,
      "r2": 0.8279277838459602
    },
    {
      "roi": 0.15,
      "C": 3.0320015074646705,
      "beta": 0.1321499947535937,
      "r2": 0.8221559224317314
    },
    {
      "roi": 0.2,
      "C": 3.211791302322183,
      "beta": 0.12760692284251132,
      "r2": 0.8165108058613235
    },
    {
      "roi": 0.25,
      "C": 3.395067758711427,
      "beta": 0.12328543685059097,
      "r2": 0.8109884335284379
    },
    {
      "roi": 0.3,
      "C": 3.5816466432860987,
      "beta": 0.11917196421000423,
      "r2": 0.8055845016795553
    },
    {
      "roi": 0.4,
      "C": 3.964014668923863,
      "beta": 0.11151935649956528,
      "r2": 0.7951137063635852
    },
    {
      "roi": 0.8,
      "C": 5.594052880328773,
      "beta": 0.08708457902848993,
      "r2": 0.7570205052063603
    }
  ],
  "globalBeta": 0.13247390048179822,
  "globalR2": 0.8063486670554096,
  "cRoiLinear": {
    "C0": 2.5164005962710685,
    "C1": 3.709670660008513,
    "r2": 0.9962061471786593
  }
}