{
  "meta": {
    "N": 500,
    "samples": 120000,
    "buyIn": 50,
    "rake": 0.1,
    "bountyFraction": 0.5,
    "pkoHeadVar": 0.4,
    "payout": "mtt-gg-bounty",
    "finishModel": "pko-realdata-linear"
  },
  "fields": [
    50,
    75,
    100,
    150,
    200,
    300,
    500,
    750,
    1000,
    1500,
    2000,
    3000,
    5000,
    7500,
    10000,
    15000,
    25000,
    50000
  ],
  "rois": [
    0.05,
    0.15,
    0.25,
    0.3
  ],
  "table": {
    "0.05": [
      2.242779469841004,
      2.593457459984696,
      2.787921950695246,
      2.9384731625547995,
      3.0775461712139687,
      3.257817240902211,
      3.410237456396638,
      3.380074213097606,
      3.720904969403813,
      4.25595764390998,
      4.727203416484397,
      5.4813130513848884,
      6.682909105299944,
      7.871044416809703,
      8.8927407544216,
      10.59580755399497,
      13.34750087387633,
      18.312683704714885
    ],
    "0.15": [
      2.351833607872893,
      2.7041143297011727,
      2.901163519394574,
      3.0554797960264124,
      3.1962830026282685,
      3.379851893600815,
      3.537012434914065,
      3.5102503365777773,
      3.852765132545101,
      4.389055879962889,
      4.860915776275846,
      5.615443262249218,
      6.817739519139301,
      8.005089364757945,
      9.028104207439227,
      10.730363901722077,
      13.48264051353857,
      18.446668019043557
    ],
    "0.25": [
      2.4618247845457195,
      2.8157833144052917,
      3.0154241448409427,
      3.17347860172598,
      3.3159940302428406,
      3.5028404011119156,
      3.664721121447968,
      3.6413438857338956,
      3.9855391272596257,
      4.523071052486789,
      4.995553404425824,
      5.750505689693913,
      6.953487014328561,
      8.140031101677604,
      9.164346599503084,
      10.865765055364744,
      13.618560424890376,
      18.58133249454176
    ],
    "0.3": [
      2.517133416877006,
      2.8719604979557887,
      3.0729011199962035,
      3.232816153837405,
      3.3761825170607107,
      3.5646615272967748,
      3.7288956533648685,
      3.7072043074308945,
      4.052240764876407,
      4.590397414897167,
      5.063196147556433,
      5.818366214996267,
      7.021688060015422,
      8.20782445521305,
      9.232785248163204,
      10.933772634055948,
      13.686805723292045,
      18.64891519113592
    ]
  }
}