{
  "meta": {
    "N": 500,
    "samples": 120000,
    "buyIn": 50,
    "rake": 0.1,
    "bountyFraction": 0.5,
    "mysteryBountyVariance": 0.8,
    "pkoHeadVar": 0.4,
    "payout": "mtt-gg-bounty",
    "finishModel": "mystery-realdata-linear",
    "mergedWithDense": true
  },
  "fields": [
    50,
    75,
    100,
    150,
    200,
    300,
    500,
    750,
    1000,
    1500,
    2000,
    3000,
    5000,
    7500,
    10000,
    15000,
    25000,
    50000
  ],
  "rois": [
    -0.2,
    -0.1,
    0,
    0.05,
    0.1,
    0.15,
    0.2,
    0.25,
    0.3,
    0.4,
    0.8
  ],
  "table": {
    "0": [
      2.8161202227684985,
      3.405591006564271,
      3.6567571791943423,
      3.8147058801283977,
      3.934598842787214,
      4.130177663066044,
      4.31084255222762,
      4.309449844663412,
      4.619460902188354,
      5.1627416910895505,
      5.606543033770751,
      6.358853963766255,
      7.5591959860818605,
      8.721420314551562,
      9.746663933523596,
      11.39791363413849,
      14.075726775069468,
      18.921982706468214
    ],
    "-0.2": [
      2.4603739377662457,
      2.9960948970036143,
      3.2279824588307493,
      3.377244458470755,
      3.4971934765561343,
      3.680624979523324,
      3.846977552892381,
      3.8342941577711738,
      4.1455742448291675,
      4.684541220070668,
      5.130144522851871,
      5.8835546304745066,
      7.084758843044121,
      8.25281118094176,
      9.277299457883679,
      10.935003826221658,
      13.622835883695602,
      18.479420543376527
    ],
    "-0.1": [
      2.637286694144105,
      3.199736020178947,
      3.4412153931616656,
      3.5948295893684006,
      3.7147360558095737,
      3.904228738345525,
      4.077757169416226,
      4.070744978814577,
      4.381343202947655,
      4.922369186946743,
      5.367015726218678,
      6.119818163916505,
      7.320530016417876,
      8.48568726354205,
      9.510548029787353,
      11.165077016301057,
      13.848022168543556,
      18.699583594540993
    ],
    "0.1": [
      2.9965306471931648,
      3.613281492955387,
      3.874222478238518,
      4.036498935728077,
      4.156413656081119,
      4.3581070089422855,
      4.54587903760872,
      4.550054014151198,
      4.859582092514197,
      5.405319279328006,
      5.848400104086759,
      6.600360839309346,
      7.800491046610744,
      8.959784835227953,
      9.98544376829201,
      11.633347754345147,
      14.305829452077095,
      19.146539959557394
    ],
    "0.2": [
      3.1782494456156374,
      3.8225083033078704,
      4.093304729925474,
      4.259909376423643,
      4.379883930507582,
      4.587721608819357,
      4.782578977512882,
      4.79227142246938,
      5.101423872129171,
      5.649817929834957,
      6.092309477476885,
      6.844077205083978,
      8.044178613012557,
      9.20057630293652,
      10.226700938079295,
      11.871224834307196,
      14.538216334096544,
      19.373180308002794
    ],
    "0.4": [
      3.5448059470230526,
      4.244660587897457,
      4.535381173379086,
      4.710660353139339,
      4.830870292777033,
      5.051085658995032,
      5.26006946632974,
      5.280656583907073,
      5.58937432171424,
      6.143659256229307,
      6.585371118231648,
      7.337255771724905,
      8.537909853720127,
      9.688714486325473,
      10.715976295365623,
      12.353741953176115,
      15.009417287351877,
      19.832423975058905
    ],
    "0.8": [
      4.286646501766792,
      5.099456198440378,
      5.430705721503854,
      5.623454940582014,
      5.744561333735849,
      5.989856768928453,
      6.227004244802524,
      6.268903775066297,
      6.577893640439688,
      7.146009972311673,
      7.587672423264887,
      8.341814097819396,
      9.546165901821565,
      10.686992694165706,
      11.71759210165963,
      13.342380393858972,
      15.974855966750692,
      20.772905695147283
    ],
    "0.05": [
      2.9061466176474253,
      3.509227113395481,
      3.7652701506012307,
      3.925383053109621,
      4.045282249099155,
      4.243914661515194,
      4.428136264298498,
      4.429533802988619,
      4.739290034392289,
      5.283773766628626,
      5.727198729135692,
      6.479315720650002,
      7.679530305619822,
      8.840286889890308,
      9.865732898019873,
      11.515315922763115,
      14.190485617279503,
      19.03399632211679
    ],
    "0.15": [
      3.0872409005451527,
      3.7177190245933103,
      3.9835781126054144,
      4.148018272062983,
      4.267958068023258,
      4.472719829141232,
      4.664036862871211,
      4.6709767097784125,
      4.980303532740865,
      5.527344358061901,
      5.970113924618947,
      6.721957805296371,
      7.922049514864197,
      9.079889222733344,
      10.10577373272344,
      11.751990160340412,
      14.421744243312103,
      19.259604327233838
    ],
    "0.25": [
      3.269531373337712,
      3.9276211752710712,
      4.203373277415639,
      4.37214370624484,
      4.492162731179553,
      4.703083815061863,
      4.901477499525118,
      4.913910603751903,
      5.222915359124566,
      5.772711449096837,
      6.214958347950358,
      6.966691565440963,
      8.166852741082284,
      9.321823443979419,
      10.348204446639393,
      11.991034108338447,
      14.655232437063912,
      19.48725895648886
    ],
    "0.3": [
      3.361064409684812,
      4.0330323391417355,
      4.313757581391687,
      4.484695492841218,
      4.604768652868913,
      4.818780561967873,
      5.0207071080505825,
      5.035869292231387,
      5.344752684136131,
      5.895998656321378,
      6.338034219309656,
      7.089775206076043,
      8.290047703444214,
      9.44360907390866,
      10.470264195072476,
      12.111400930145043,
      14.772779624757199,
      19.60183149642494
    ]
  },
  "perRoiFits": [
    {
      "roi": -0.2,
      "C": 0.8158635939281961,
      "beta": 0.26324834970535727,
      "r2": 0.9387102979498299
    },
    {
      "roi": -0.1,
      "C": 0.9090461461536523,
      "beta": 0.2545175587890253,
      "r2": 0.9376894667835645
    },
    {
      "roi": 0,
      "C": 1.0066126220388862,
      "beta": 0.2463967188147739,
      "r2": 0.9368046006062778
    },
    {
      "roi": 0.05,
      "C": 1.0569522218011769,
      "beta": 0.24254918170641376,
      "r2": 0.9364119507710126
    },
    {
      "roi": 0.1,
      "C": 1.1082851732428785,
      "beta": 0.23883539370119813,
      "r2": 0.9360515265639939
    },
    {
      "roi": 0.15,
      "C": 1.1605797938838025,
      "beta": 0.23524946810610625,
      "r2": 0.9357224717344504
    },
    {
      "roi": 0.2,
      "C": 1.2138055372372722,
      "beta": 0.2317857385872485,
      "r2": 0.9354238570855564
    },
    {
      "roi": 0.25,
      "C": 1.267932951387859,
      "beta": 0.22843877054682027,
      "r2": 0.9351547024329843
    },
    {
      "roi": 0.3,
      "C": 1.3229336389285193,
      "beta": 0.22520336622241596,
      "r2": 0.9349139942198157
    },
    {
      "roi": 0.4,
      "C": 1.435446285780343,
      "beta": 0.2190476413121841,
      "r2": 0.9345137777713773
    },
    {
      "roi": 0.8,
      "C": 1.9154031650461232,
      "beta": 0.1980046966289812,
      "r2": 0.9338458709261689
    }
  ],
  "globalBeta": 0.2348433531018658,
  "globalR2": 0.9312763689643117,
  "cRoiLinear": {
    "C0": 1.0062827247819235,
    "C1": 1.0993595676038725,
    "r2": 0.9969426894388645
  }
}